车商/代购	Gmail - Email from Google	https://mail.google.com/mail	Gmail is email that's intuitive, efficient, and useful. 15 GB of storage, less spam, and mobile access.	заказать автомобиль из китая москва контакты
车商/代购	Signing in to Google - Google Account	https://myaccount.google.com/intro/signing-in-to-google	You can choose to sign in with a password or add 2-Step Verification, which sends a security code to your phone as an extra security step. On some apps and devices, you can use an app password...	заказать автомобиль из китая москва контакты
车商/代购	Gmail - Google Accounts	https://accounts.google.com/login?service=mail	Gmail is email that’s intuitive, efficient, and useful. 15 GB of storage, less spam, and mobile access.	заказать автомобиль из китая москва контакты
车商/代购	Gmail - Apps on Google Play	https://play.google.com/store/apps/details?id=com.google.android.gm&hl=en_US	1 окт. 2011 г. &#0183;&#32;The official Gmail app brings the best of Gmail to your Android phone or tablet with enhanced security protections, multiple account support, and powerful search to find the details you …	заказать автомобиль из китая москва контакты
车商/代购	Sign in - Google Accounts	https://accounts.google.com/Login	Not your computer? Use a private browsing window to sign in. Learn more about using Guest mode Next Create account	заказать автомобиль из китая москва контакты
车商/代购	Learn More About Google's Secure and Protected Accounts - Google	https://www.google.com/account/about/	Sign in to your Google Account and learn how to set up security and other account notifications to create a personalized, secure experience.	заказать автомобиль из китая москва контакты
车商/代购	Google Account	https://myaccount.google.com/intro/personal-info	To edit the info that you use on Google services, like your name and photo, sign in to your account. You can also choose what personal info to show when you interact with others on Google...	заказать автомобиль из китая москва контакты
车商/代购	Home - Issaquah High School	https://issaquahhigh.isd411.org/	Located in Issaquah, WA, Issaquah High serves approximately 2,300 students in grades 9-12. Read more about Our School.	подбор авто из китая москва контакты
车商/代购	Attendance - Issaquah High School	https://issaquahhigh.isd411.org/our-school/attendance	Absence Notifications As daily attendance has shown to positively impact student learning Issaquah High School has set forward the following attendance notifications for absences: Auto dialer phone …	подбор авто из китая москва контакты
车商/代购	Staff - Issaquah High School	https://issaquahhigh.isd411.org/staff	Locations: Issaquah High School Email: anthonys@issaquah.wednet.edu Phone Numbers: School: 425-837-6000	подбор авто из китая москва контакты
车商/代购	Our School - Issaquah High School	https://issaquahhigh.isd411.org/our-school	Our School - Issaquah High School Issaquah High Overview We are proud to continue a 100-year tradition of excellence in academic and co-curricular programs. Students, parents, and staff share an …	подбор авто из китая москва контакты
车商/代购	Counseling - Issaquah High School	https://issaquahhigh.isd411.org/student-life/counseling	Issaquah schools provide comprehensive guidance and school counseling services in each building. All students have access to and the right to participate in these programs, which focus on academic, …	подбор авто из китая москва контакты
车商/代购	Bell Schedules - Issaquah High School	https://issaquahhigh.isd411.org/our-school/bell-schedules	Bell Schedules - Issaquah High School Two-Hour Late Start: On-Block Schedule: MONDAY, THURSDAY, FRIDAY	подбор авто из китая москва контакты
车商/代购	School Profile	https://issaquahhigh.isd411.org/our-school/school-profile	As one of three comprehensive high schools in the Issaquah School District, Issaquah High School (IHS) takes great pride in continuing a 100+ year tradition of excellence in academic and co …	подбор авто из китая москва контакты
车商/代购	Who's Who: Contact Us - Issaquah High School	https://issaquahhigh.isd411.org/student-life/athletics/whos-who-contact-us	Find contact information for Issaquah High School's athletics department.	подбор авто из китая москва контакты
车商/代购	Calendar - Issaquah High School	https://issaquahhigh.isd411.org/our-school/upcoming-events/calendar	Stay updated on upcoming events and important dates at Issaquah High School with this comprehensive calendar.	подбор авто из китая москва контакты
车商/代购	Авито: недвижимость, транспорт, работа, услуги, вещи	https://www.avito.ru/	На Авито вы можете недорого купить или выгодно продать авто с пробегом или новую машину, квартиру и другую недвижимость, а также новую или б/у одежду, мебель	авто из китая владивосток контакты
车商/代购	Авто .ру: купить, продать и обменять машину	https://auto.ru/	Поиск по объявлениям Войти Разместить объявление Легковые Авто на заказ Коммерческие Электро Мото Отчёты Кредиты Оценка авто Страховки Гараж Журнал Для Бизнеса	авто из китая владивосток контакты
车商/代购	Продажа автомобилей в России. Подержанные авто , новые.	https://auto.drom.ru/	817 940 объявлений о продаже автомобилей. Продажа новых и подержанных авто от 10 000 рублей. Автосалоны и частные объявления.	авто из китая владивосток контакты
车商/代购	Смотрите, что нашлось на Авто .ру: автомобили по цене от 2 000 …	https://auto.ru/cars/all/	Спортивные автомобили Стильные автомобили Комфортные автомобили Новинки авто Семейные автомобили Показать все — 29	авто из китая владивосток контакты
车商/代购	Дром - цены на машины	https://www.drom.ru/	Автомобили и запчасти: продажа новых и б/у авто, каталог, отзывы автовладельцев, форумы, ремонт и эксплуатация, приключения, аукционы, спортивные машины, тюнинг, объявления и …	авто из китая владивосток контакты
车商/代购	Купить авто во всех регионах: 983 503 объявления | Продажа …	https://www.avito.ru/all/avtomobili	983 503 объявления о продаже новых и б/у автомобилей 🚗 во всех регионах. Большой выбор марок и моделей машин от частных продавцов и официальных дилеров. Проверка истории авто с …	авто из китая владивосток контакты
车商/代购	AUTO.RIA™ — Автобазар №1, купить и продать проверенное авто …	https://auto.ria.com/	Мы предлагаем авто объявления на все случаи жизни и любой вкус, с учетом финансовых возможностей покупателей и популярности того или иного транспортного средства на рынке …	авто из китая владивосток контакты
车商/代购	Продажа автомобилей в России, новые и б/у авто : 23000 …	https://auto.kolesa.ru/all-auto	Объявления о продаже автомобилей в России у официальных дилеров. Купить новые авто и с пробегом в РФ: фотографии, цены, характеристики, отзывы. 23000 предложений в каталоге …	авто из китая владивосток контакты
车商/代购	Купить новый авто в Т- Авто — характеристики, комплектации и …	https://www.tbank.ru/auto/catalog/	Как купить авто 1 Оставьте заявку Менеджер перезвонит и ответит на все вопросы 2 Внесите предоплату Вернем ее, если вас что-то не устроит 3 Выберите доставку В дилерский центр …	авто из китая владивосток контакты
车商/代购	AUTO.RIA ™ — Автобазар №1, купити та продати перевірене авто …	https://auto.ria.com/uk/	Купити авто, про який Ви мріяли, або вибрати товар серед безлічі найменувань — не проблема, адже щодня наш ресурс поповнюється більш ніж п'ятьма тисячами нових оголошень з боку …	авто из китая владивосток контакты
车商/代购	Sign In - California State Lottery	https://www.calottery.com/sign-in	Sign in to your California Lottery account to experience the fun of 2nd Chance. Don’t have an account yet? Register now!	zeekr москва официальный дилер контакты
车商/代购	Home | California State Lottery	https://www.calottery.com/	Welcome to the California Lottery website. It’s your ticket to full access! See jackpots, winning numbers, next draws, new games, and more.	zeekr москва официальный дилер контакты
车商/代购	2nd Chance to win CA lottery | CA.gov - California State Portal	https://www.ca.gov/departments/155/services/1274/	26 июн. 2026 г. &#0183;&#32;Get another chance to win cash and prizes with bonus and promotional draws. All you need to get started is a Lottery account.	zeekr москва официальный дилер контакты
车商/代购	California State Lottery ( CA Lottery ) - CA.gov	https://www.ca.gov/departments/155/	23 апр. 2026 г. &#0183;&#32;California State Lottery games are sold at more than 23,000 locations statewide. Nine district offices provide same-day payment for prizes of $1,000 or less and offer help filing your claim …	zeekr москва официальный дилер контакты
车商/代购	California (CA) Lottery Results | Lottery Post	https://www.lotterypost.com/results/ca	2 дн. назад &#0183;&#32;California (CA) lottery results (winning numbers) for Daily 3, Daily 4, Fantasy 5, SuperLotto Plus, Powerball, Mega Millions, Daily Derby.	zeekr москва официальный дилер контакты
车商/代购	california lottery retailer portal Archives - California Lottery	https://californiallottery.com/tag/california-lottery-retailer-portal/	CA lottery provides the general public of California the opportunity to earn various kinds of prizes and rewards. Apart from that, the largest chunk of the revenue generated from the CA lottery supports …	zeekr москва официальный дилер контакты
车商/代购	California Lottery 2nd Chance: How to Enter Codes	https://californiallottery.com/california-lottery-2/	This article explains how the California Lottery 2nd Chance works, how to enter 2nd Chance codes, what kinds of Calottery second chance prizes are available, and which 2nd Chance scratchers …	zeekr москва официальный дилер контакты
车商/代购	California Lottery : Second Chance Access Issues Persist	https://casinonewswatch.com/news/california-lottery-second-chance-login-issues/	21 янв. 2026 г. &#0183;&#32;There’s a strong chance the California Lottery will address the login issues soon. People’s frustrations are mounting, and many experts estimate around 70% of them will reconsider …	zeekr москва официальный дилер контакты
车商/代购	CA Lottery Official App App - App Store	https://apps.apple.com/us/app/ca-lottery-official-app/id874978299	Welcome to the California Lottery Official App, where you can follow the Lottery in the palm of your hand - anytime, anywhere. Download the app today to personalize your experience by choosing your …	zeekr москва официальный дилер контакты
车商/代购	Home | Ascent Protein	https://www.ascentprotein.com/	Ascent offers quality whey protein, clean creatine, clear whey isolate, iced coffee plus protein, hydration and energy, and micellar casein products to improve your athletic performance.	voyah москва дилер контакты
车商/代购	Protein Powder | Ascent Protein	https://www.ascentprotein.com/collections/protein-powder	Ascent Protein Powder Ascent's protein powders are formulated for recovery and muscle health, without sacrificing flavor.	voyah москва дилер контакты
车商/代购	About Us | Ascent Protein	https://www.ascentprotein.com/pages/about-ascent-protein	Ascent offers quality whey protein, clean creatine, clear whey isolate, iced coffee plus protein, hydration and energy, and micellar casein products to improve your athletic performance.	voyah москва дилер контакты
车商/代购	Creatine | Ascent Protein	https://www.ascentprotein.com/products/clean-creatine-100-servings?variant=45121507197103	Elevate your workouts with Ascent’s Clean Creatine, made with 100% Creapure&#174;. Mix 5g of creatine monohydrate into your favorite protein powder shake or drink to amplify your strength, endurance, …	voyah москва дилер контакты
车商/代购	Chocolate Protein Powder | Ascent Protein	https://www.ascentprotein.com/products/chocolate-protein-powder?variant=46480702537903	Indulge in Ascent’s Chocolate Protein Powder, offering 25g of clean, fast digesting protein per scoop. Made with real cocoa and containing zero artificial flavors or sweeteners, it’s the perfect way to …	voyah москва дилер контакты
车商/代购	Pineapple Coconut Clear Whey Protein Isolate | Ascent Protein	https://www.ascentprotein.com/products/pineapple-coconut-clear-whey-protein-isolate?variant=44405160771759	Ascent Pineapple Coconut Clear Whey Protein Isolate contains 20g of clean whey protein per serving, zero artificial flavors or sweeteners and is a refreshing & fruity alternative to your typical milkshake …	voyah москва дилер контакты
车商/代购	Protein Calculator | Ascent Protein	https://www.ascentprotein.com/pages/protein-calculator	Ascent’s protein calculator will help you find out how much protein you need a day and how to space your servings of protein for the best results.	voyah москва дилер контакты
车商/代购	Nutrition & Fitness - Ascent Protein	https://www.ascentprotein.com/blogs/nutrition	15 апр. 2026 г. &#0183;&#32;Ascent offers quality whey protein, clean creatine, clear whey isolate, iced coffee plus protein, hydration and energy, and micellar casein products to improve your athletic performance.	voyah москва дилер контакты
车商/代购	Vanilla Protein Powder | Ascent Protein	https://www.ascentprotein.com/products/vanilla-protein-powder?variant=46489587056815	Ascent’s Vanilla Protein Powder packs 25g of fast absorbing protein with a smooth vanilla bean flavor. With 0g of added sugar, enjoy it on its own or add it to your favorite recipes for a versatile protein boost.	voyah москва дилер контакты
车商/代购	Programming timer interruption - Arduino Forum	https://forum.arduino.cc/t/programming-timer-interruption/1350441	4 февр. 2025 г. &#0183;&#32;I'm posting here a simple project to create an interrupt timer on an ESP32 board for version 3.1.1 by Esspressif Systems. I had difficulties to find updated information to make this code, I …	avatr москва дилер контакты
车商/代购	Hardware Timer ESP32 Dev Module - Arduino Forum	https://forum.arduino.cc/t/hardware-timer-esp32-dev-module/1282177	16 июл. 2024 г. &#0183;&#32;Continuing the discussion from Hardware Timer ESP32 Dev Module: ... I am not able to generate a 8 bit pulse, In the oscilloscope i am generating only 4 bits. using ESP-WROOM-32 and …	avatr москва дилер контакты
车商/代购	FspTimer: using AGT timer issues - Arduino Forum	https://forum.arduino.cc/t/fsptimer-using-agt-timer-issues/1164494	2 сент. 2023 г. &#0183;&#32;@ptillisch and others, not sure if best to ask here, or up on Github issues? As I mentioned in the Servo library Issue, plus forum post, I have not handled the case where the …	avatr москва дилер контакты
车商/代购	ESP32 Timer Interrupt - Programming - Arduino Forum	https://forum.arduino.cc/t/esp32-timer-interrupt/1270199	10 июн. 2024 г. &#0183;&#32;Hi Folks, I am using Esp32 Dev Module to develop the timer interrupt code .but when I am using timerBegin () function I am getting errors like that: timerBegin () function can accept only …	avatr москва дилер контакты
车商/代购	What is Dell Watchdog Timer? Do I need it? - Experts Exchange	https://www.experts-exchange.com/questions/28961855/What-is-Dell-Watchdog-Timer-Do-I-need-it.html	6 авг. 2016 г. &#0183;&#32;I'm setting up a new Dell Pecision 3620, and deciding which features to keep. Is the Dell Watchdog Timer necessary? What does it do? Thanks	avatr москва дилер контакты
车商/代购	Using millis () for timing. A beginners guide - Arduino Forum	https://forum.arduino.cc/t/using-millis-for-timing-a-beginners-guide/483573	2 окт. 2017 г. &#0183;&#32;If no input start timer, if input reset timer, after X time do this. - Trouble Expected initializer before 'servo1' Arduino Code for Project Millis () not delaying State-machine and timing - …	avatr москва дилер контакты
车商/代购	Caumont-Centre d’Art Aix-en-Provence - Tiqets	https://www.tiqets.com/nl/caumont-centre-dart-tickets-l200963/	Ontdek de leukste dingen om te doen in Aix-en-Provence. Profiteer van kortingen tot 20% op tickets voor Caumont-Centre d’Art en andere attracties.	tank москва дилер контакты
车商/代购	Google Translate	https://translate.google.com/	Google's service, offered free of charge, instantly translates words, phrases, and web pages between English and over 100 other languages.	jetour t2 москва дилер контакты
车商/代购	Google &#220;bersetzer – dein pers&#246;nlicher &#220;bersetzer auf deinem …	https://translate.google.com/intl/de/about/	Hier erf&#228;hrst du, wie du mit Google &#220;bersetzer Text, gesprochene Sprache, Bilder, Dokumente, Websites und vieles mehr &#252;bersetzen kannst.	jetour t2 москва дилер контакты
车商/代购	Google Traductor: Un int&#233;rprete personal en tu tel&#233;fono o computadora	https://translate.google.com/intl/es-419/about/	Descubre c&#243;mo traducir texto, conversaciones, im&#225;genes, documentos, sitios web y mucho m&#225;s con Google Traductor.	jetour t2 москва дилер контакты
车商/代购	Google Terjemahan - Penerjemah Pribadi di Ponsel ... - Google Translate	https://translate.google.com/intl/id/about/	Pahami dunia dan berkomunikasilah dalam berbagai bahasa dengan Google Terjemahan. Terjemahkan teks, ucapan, gambar, dokumen, situs, dan lainnya di perangkat Anda.	jetour t2 москва дилер контакты
物流清关	Hubei - 湖北政务服务网	https://zwfw.hubei.gov.cn/index.html	24 июн. 2026 г. &#0183;&#32;湖北政务服务网,湖北政务服务网官网,湖北政务网 ,湖北省政务服务网,湖北政务,湖北政务服务,湖北省政务网,湖北省政务服务网官网,湖北政务网官网,鄂汇办,湖北健康码,湖北复工复产,湖北 …	растаможка авто из китая москва контакты
物流清关	湖北政务服务网 - Hubei	https://zwfw.hubei.gov.cn/webview/tsfw/tsfw.html	3 сент. 2024 г. &#0183;&#32;湖北政务,湖北办事,湖北网上办事,湖北政务服务,湖北个人办事,湖北法人办事,湖北个人服务,湖北法人服务,湖北便民服务,湖北好差评,湖北一件事办理	растаможка авто из китая москва контакты
物流清关	湖北政务服务网	https://whgjj.hkbchina.com/portal/pc/main.html	9 июн. 2026 г. &#0183;&#32;欢迎您访问湖北政务服务网！ 忘记密码？ 立即注册. 无法输入密码？ 下载安全控件.	растаможка авто из китая москва контакты
物流清关	湖北 省	http://hubei.gjzwfw.gov.cn/	23 июн. 2025 г. &#0183;&#32;湖北省政务服务平台，提供全面的政务服务和信息查询。	растаможка авто из китая москва контакты
物流清关	湖北政务服务网 官网入口（http://zwfw.hubei.gov.cn）	https://wh.bendibao.com/edu/2024620/180809.shtm	20 июн. 2024 г. &#0183;&#32;武汉本地宝武汉教育提供湖北政务服务网官网入口（http://zwfw.hubei.gov.cn）有关的信息，湖北政务服务网官网入口来了，具体网址为http://zwfw.hubei.gov.cn。	растаможка авто из китая москва контакты
物流清关	湖北政务服务 平台&#183; 政务服务网	https://m12333.cn/platform/fup.html	6 мая 2026 г. &#0183;&#32;湖北省一体化政务服务平台，可办理湖北省社保查询、养老保险个人账户查询、医保查询、居民医保缴费查询、住房公积金查询、社保卡激活、挂失、制卡进度查询等业务。	растаможка авто из китая москва контакты
物流清关	湖北政务服务网	http://36.133.40.11:8090/hs/user/toHomeUI.do	欢迎您访问湖北政务服务网！	растаможка авто из китая москва контакты
物流清关	湖北政务服务网 登录入口（http://zwfw.hubei.gov.cn/）	https://www.dttc-icp.com/newsarticle/29300	21 дек. 2023 г. &#0183;&#32;（图片来源于湖北政务服务网首页截图） 湖北政务服务网对政务服务事项进行颗粒化梳理，重新编排服务指南的呈现方式，使得整体条例布局更加清晰、合理，便于用户快速了解事项所需 …	растаможка авто из китая москва контакты
物流清关	政务服务网	https://zwsjj.xianning.gov.cn/znb/icity/intelligent/index	湖北政务服务网定位为湖北群众和企业办事的首选窗口，是湖北省深化“互联网+政务服务”推进“一网、一门、一次”改革取得重要阶段性成果。	растаможка авто из китая москва контакты
物流清关	国家 政务服务 平台 湖北 省	https://gjzwfw.www.gov.cn/col/col668/	9 июл. 2024 г. &#0183;&#32;企业登记e窗通服务 “办好一件事”综合服务 小微企业金融服务 “不见面”办税 中小企业公共服务 企业开办综合服务 企业注销一窗通 小微企业和个体工商户专栏 “不见面”办税 中小企业公共服务 …	растаможка авто из китая москва контакты
物流清关	Google	https://www.google.com/	Search the world's information, including webpages, images, videos and more. Google has many special features to help you find exactly what you're looking for.	доставка авто из китая владивосток москва контакты
物流清关	The Keyword | Google Product and Technology News and Stories	https://blog.google/	Get the latest news and stories about Google products, technology and innovation on the Keyword, Google's official blog.	доставка авто из китая владивосток москва контакты
物流清关	Google Search - A new kind of help	https://search.google/	Explore a new kind of help for your everyday with breakthroughs in Search intelligence from Google I/O.	доставка авто из китая владивосток москва контакты
物流清关	Google | History & Facts; Products & Services | Britannica Money	https://www.britannica.com/money/Google-Inc	3 дн. назад &#0183;&#32;Google began as an online search firm, but it now offers more than 50 Internet services and products, from e-mail and online document creation to software for mobile phones and tablet …	доставка авто из китая владивосток москва контакты
物流清关	Google (@ Google ) / Posts / X - Twitter	https://x.com/Google	10 февр. 2009 г. &#0183;&#32;Save time and grow your business by connecting your Google Business Profile directly to Gemini or adding it to a business notebook. See how these new updates transform Gemini …	доставка авто из китая владивосток москва контакты
物流清关	GOOGLE Definition & Meaning - Merriam-Webster	https://www.merriam-webster.com/dictionary/google	1 июл. 2026 г. &#0183;&#32;(The search engine’s name was inspired by the number: the founders of Google chose the name to reflect their mission “to organize a seemingly infinite amount of information on the web.”)	доставка авто из китая владивосток москва контакты
物流清关	Google Maps	https://maps.google.com/	Find local businesses, view maps and get driving directions in Google Maps.	доставка авто из китая владивосток москва контакты
物流清关	Google News	https://news.google.com/	Comprehensive up-to-date news coverage, aggregated from sources all over the world by Google News.	доставка авто из китая владивосток москва контакты
物流清关	43 Spencer Street , Goodwood Estate , Goodwood - Property24	https://www.property24.com/property-values/43-spencer-street/goodwood-estate/goodwood/western-cape/am4mz35xftb3jcuaphgjn3aqqw622skxxbsvomr74zpzm5bcx6xpwr3rim7yuhhhikvwf2or4l62u	Property price, trends, statistics, valuation and sales history for 43 Spencer Street, Goodwood Estate. Find out the last sale date, last sale price, price comparable sales for 43 Spencer Street, Goodwood …	таможенный брокер авто из китая контакты
物流清关	Property for sale in Goodwood Estate	https://www.privateproperty.co.za/for-sale/western-cape/cape-town/goodwood/goodwood-estate/1120?msockid=285ed44c93af68452b3cc3da927569c6	Private Property has 13 houses, apartments, complexes, and land for sale in Goodwood Estate. View photos, virtual tours and detailed property descriptions.	таможенный брокер авто из китая контакты
物流清关	Property for Sale in Goodwood Estate	https://www.property24.com/for-sale/goodwood-estate/goodwood/western-cape/8101	Property for sale in Goodwood Estate. The largest selection of apartments, flats, farms, repossessed property, private property and houses for sale in Goodwood Estate by estate agents.	таможенный брокер авто из китая контакты
物流清关	Apartments for sale in Goodwood - Private Property	https://www.privateproperty.co.za/apartments-for-sale/goodwood/740?msockid=285ed44c93af68452b3cc3da927569c6	Private Property has 30 apartments for sale in Goodwood. View photos, virtual tours and detailed property descriptions.	таможенный брокер авто из китая контакты
物流清关	Houses and properties for sale in Goodwood Estate by REMAX	https://www.remax.co.za/property-for-sale-south-africa/western-cape/goodwood/goodwood-estate	Discover houses and properties for sale in Goodwood Estate by REMAX. View 8 properties for sale in Goodwood Estate, Goodwood.	таможенный брокер авто из китая контакты
物流清关	Property and Houses for Sale in Goodwood - Pam Golding	https://www.pamgolding.co.za/property-search/properties-for-sale-goodwood/2219	Pam Golding Properties has 8 Property and Houses for Sale in Goodwood. View our selection of houses, apartments, flats, farms, luxury properties and homes by our knowledgeable Estate Agents.	таможенный брокер авто из китая контакты
物流清关	Property for Sale in Goodwood - SA Hometraders	https://www.sahometraders.co.za/property-for-sale-in-goodwood-c435	Find houses, flats, farms, apartments and property for sale in Goodwood through SA Hometraders.	таможенный брокер авто из китая контакты
物流清关	Houses and properties for sale in Goodwood by REMAX	https://www.remax.co.za/property-for-sale-south-africa/western-cape/goodwood	In the Western Cape, we’ve found some truly amazing opportunities amongst the property for sale in Goodwood. At just 10km away from the centre of Cape Town, this quaint suburb offers keen …	таможенный брокер авто из китая контакты
物流清关	Goodwood (Cape Town Ward 27) Street Guide and Map - Openalfa	https://south-africa-streets.openalfa.com/goodwood	Street directory and street map of Goodwood. Directory of services in Goodwood: shops, restaurants, leisure and sports facilities, hospitals, gas stations and other places of interest.	таможенный брокер авто из китая контакты
物流清关	17 Properties and Homes For Sale in Goodwood, Western Cape	https://www.seeff.com/results/residential/for-sale/goodwood/	Looking for the perfect property investment opportunity? Look no further. We have 17 Properties and Homes For Sale in Goodwood, Western Cape.	таможенный брокер авто из китая контакты
售后配件	Free Porn Videos - XVIDEOS.COM	https://www.xvideos.com/	XVideos.com is a free hosting service for porn videos. We convert your files to various formats. You can grab our 'embed code' to display any video on another website. Every video uploaded, is shown on …	сервис zeekr москва контакты
售后配件	Free Porn Videos - XVIDEOS .COM	https://www.xvideos.tube/?fmc=1	XVIDEOS Free Porn Videos Bella Ruiva chupa um pau de batata na cabine do glory hole - Mais conhecido como pau de batata fode a rabuda Bella Ruiva e seu marido filma tudo 11 min Bella …	сервис zeekr москва контакты
售后配件	Free Porn Videos - XVIDEOS .COM	https://mobile-xvideos.com/?fmc=1	Temptation Of Sex With Her Mother-In-Law While Sharing The Bed While She Sleeps. 15 min 15 minFspproductions - 3.9M Views - 1080p	сервис zeekr москва контакты
售后配件	New Porn videos, page 3 - XVIDEOS .COM	https://www.xvideos.tube/new/2	XVIDEOS New Porn videos, page 3, free Massage For You, Masseur Cock For Two Alice Wild, Frances Bentley / Brazzers/ Enter XVPROMO on official site for discount 2 min Dirty Masseur - 245.4k Views -	сервис zeekr москва контакты
售后配件	Free Porn Videos - XVIDEOS .COM	https://de-xvideos.com/	XVIDEOS Free Porn Videos I have sex with my husband's bodyguard in public after discovering he's cheating on me; the neighbors see us and think we're exhibitionists 14 min Danielaandrea - 161.4k …	сервис zeekr москва контакты
售后配件	Xvideos Porn Videos | Pornhub.com	https://www.pornhub.com/video/search?search=xvideos	Watch Xvideos porn videos for free, here on Pornhub.com. Discover the growing collection of high quality Most Relevant XXX movies and clips. No other sex tube is more popular and features more …	сервис zeekr москва контакты
售后配件	Free Porn Videos - XVIDEOS .COM	https://www.xvideos1.uk/?fmc=1	50cm de pau grosso dentro da safada da Monica - Chibata25 e Rasta com 25cm de rola cada um fodendo a mais gostosa do Xvideos Monica Lima - Dois pauzudos arrega&#231;aram com a buceta da …	сервис zeekr москва контакты
售后配件	V&#237;deos Porno Gratuitos - XVIDEOS .COM	https://www.xvideos.es/home/es	XVIDEOS V&#237;deos Porno Gratuitos A PRETA TA FODA DEU TAO GOSTOSO SEU CUZINHO PRO MAROMBEIRO DA ACADEMIA QUE FEZ ELE GOZAR NA PRIMEIRA SENTADA COM O CU …	сервис zeekr москва контакты
售后配件	Top 21: Best and Hottest Pornstars of All Time (2026) - RedBled.com	https://www.redbled.com/best-hottest-pornstars-of-all-time/	19 янв. 2026 г. &#0183;&#32;A very well-deserved number-one choice for our top 10 hottest and, without any competition, the best pornstars of all time. Incredible tits and never seen levels of charisma.	сервис lixiang москва контакты
售后配件	Pornstar Tube Search, Videos with ALL Hottest Pornstars - BestPornstars	https://bestpornstars.xxx/	We know everyone pornstars! Find the videos on porn tubes, easy learn the names of models. See heaps of videos & movies where all the stars participating in the video are signed.	сервис lixiang москва контакты
售后配件	Top Pornstars and Models In Full-Length Free Sex Videos | Pornhub	https://www.pornhub.com/pornstars	Catch the most popular PORNSTARS and MODELS, right here on the biggest FREE PORN tube. Pornhub.com has a bevy of luscious babes that are naked for you 24/7!	сервис lixiang москва контакты
售后配件	Top 50 Most Visited Pornstars on The Lord of Porn in 2025	https://thelordofporn.com/tops-10/top-50-most-visited-pornstars-on-the-lord-of-porn-in-2025/	Welcome to the ultimate countdown of desire and dominance in the adult industry! As we reflect on 2025, a year packed with electrifying performances and viral sensations, we’ve curated this exclusive …	сервис lixiang москва контакты
售后配件	Best Pornstars of 2025: Top 150+ Hottest Porn Stars	https://thepornmap.com/top-pornstars/	1 день назад &#0183;&#32;Discover the Best Pornstars of 2025 with The Porn Map! Explore our hottest porn stars of all time. Click now to uncover the ultimate rankings!	сервис lixiang москва контакты
售后配件	The Ultimate List of the Top 20 Most Popular Pornstars	https://thepornstarslist.com/most-popular-pornstars/	3 авг. 2025 г. &#0183;&#32;Discover the top 20 most popular pornstars of 2026. Browse our ranked list of top adult stars by popularity, explosive scenes, stats, and direct video links. Updated regularly!	сервис lixiang москва контакты
售后配件	Hottest Pornstars Right Now - Top 20 List | Nastiest Pornstars	https://www.nastiestpornstars.com/hottest-pornstars-right-now/	3 янв. 2026 г. &#0183;&#32;From Riley Reid & Kendra Spade to Angela White & Emily Willis, visit Nastiest Pornstars to discover 20 of the hottest pornstars right now!	сервис lixiang москва контакты
售后配件	Best Pornstars List - Top & Hottest Porn Actresses - Reviews	https://theporndude.com/best-pornstars-list	Like all my other pornographic resources I’ve gathered here at ThePornDude, this list of the world’s top pornstars is constantly changing, with newcomers making their climb up the porn ladder, one scene …	сервис lixiang москва контакты
售后配件	Top 10 & Top 100 Pornstars (2026) - RedBled.com	https://www.redbled.com/top-10/	19 янв. 2026 г. &#0183;&#32;Find out what is trending in porn! We have over 100 incredible pornstars listed. See what are the best and hottest pornstars in the adult business. Stimulate your senses with other, sexy …	сервис lixiang москва контакты
售后配件	Hottest Female Pornstars and Models | Pornhub	https://www.pornhub.com/pornstars?gender=female	Browse the hottest female pornstars and amateur models Pornhub.com. Find your favorite adult star and discover new sexy babes in hardcore porn videos on the world's biggest porn tube.	сервис lixiang москва контакты
售后配件	英国大学校训，哪一句给予你能量？ - 知乎	https://www.zhihu.com/question/397451655	QS世界Top5 剑桥大学 University of Cambridge 校训：From here, light and sacred draughts. 翻译：此乃启蒙之所和智慧之源 QS世界Top6 牛津大学 University of Oxford 校训：The Lord is my Light. 翻 …	запчасти lixiang москва контакты
售后配件	大学英文校名到底是「University of 地名」，还是「地名 + university」？	https://www.zhihu.com/question/661183421	31 июл. 2025 г. &#0183;&#32;北京大学前身京师大学堂（「Imperial University of Peking」）已使用「Peking」拼写。 1912年民国政府将其更名为「国立北京大学」时，英文名一度定为「National University of …	запчасти lixiang москва контакты
售后配件	Advanced Questions on Articles Quiz - 10 Online Quiz Questions ...	https://www.usingenglish.com/quizzes/522.html	Test yourself with our free English language exercise about 'Advanced Questions on Articles'. This is a free advanced English grammar quiz and interractive grammar exercises. No sign-up required.	запчасти lixiang москва контакты
售后配件	美国UM和MU有什么区别呀？ - 知乎	https://www.zhihu.com/question/447169465	迈阿密大学（Miami University），简称MU，世界著名高等学府，公立常春藤，美国公立名校，全美本科教育最顶尖的公立大学，是一所坐落在美国俄亥俄州牛津小镇的公立研究型大学。该校建于1809 …	запчасти lixiang москва контакты
售后配件	英国牛津大学 - 知乎	https://www.zhihu.com/topic/19704923/intro	牛津大学（University of Oxford），简称“牛津（Oxford）”，位于英国牛津，是一所誉满世界的公立研究型大学，采用书院联邦制，与剑桥大学并称“牛剑”，并且与剑桥大学、伦敦大学学院、帝国理工学院 …	запчасти lixiang москва контакты
售后配件	想申请剑桥工程本科，求推荐读物？ - 知乎	https://www.zhihu.com/question/513793465	剑桥工程官网上就列了一大堆的 Recommended Reading for Budding Engineers	запчасти lixiang москва контакты
售后配件	知乎 - 有问题，就会有答案	https://www.zhihu.com/question/48743184	迈阿密大学牛津分校（Miami University-Oxford），是一所坐落在美国俄亥俄州的公立研究性大学。该校建于1…	запчасти lixiang москва контакты
售后配件	在牛津大学 (University of Oxford) 就读是怎样的体验？ - 知乎	https://www.zhihu.com/question/24306768	（oucs组织的春节活动） （Oxford Union） 牛津中国论坛也曾在Oxford Union里面举办，可以有机会见到很多嘉宾老师嘿嘿。 我去了其中的一次，大约是18年还是19年的那次。 露出迷妹的笑容 但 …	запчасти lixiang москва контакты
售后配件	牛津的VSP申请难度如何？ - 知乎	https://www.zhihu.com/question/650387523	27 мар. 2024 г. &#0183;&#32;考虑到你已经通过了校内的选拔，这表明你在学术方面有相当不错的表现。此外， VSP项目 通常对来自不同国家和学校的学生持开放态度，因此你被校内选拔通过已经是一项很大的 …	запчасти lixiang москва контакты
售后配件	为什么有的大学叫 University of XX，而有的叫 XX University？	https://www.zhihu.com/question/20957398	还有平时自我介绍的时候，我们也都是说自己来自Oxford University，除非很正式的场合才会说the University of Oxford。 就像在国内，除了正式场合以外，平时一般也会说自己是北外北师南大山大的 …	запчасти lixiang москва контакты